{
  "users_welcomed": [
    595600760,
    8575420144,
    8142093868,
    8213142311
  ],
  "users_sent": [
    8575420144,
    8142093868,
    8213142311
  ],
  "users_final_replied": [
    8575420144,
    8142093868
  ],
  "users_join_time": {
    "8142093868": 1768358078.5656044,
    "8575420144": 1775396150.8830953
  },
  "users_registered": [],
  "video_counter": 8,
  "last_used_patterns": [
    "9:3",
    "9:4_8:0",
    "9:4_8:4_7:3",
    "9:0",
    "9:3_8:3_7:4_6:4",
    "9:2_8:4_7:0",
    "9:1_8:4_7:1",
    "9:1_8:2_7:4_6:0"
  ]
}